<?xml version='1.0' encoding='UTF-8'?>
<image h="144" w="152"><stack><layer composite-op="svg:src-over" name="Pasted Layer #5" opacity="1.0" src="data/000.png" visibility="visible" x="0" y="0" /><layer composite-op="svg:src-over" name="Pasted Layer #4" opacity="1.0" src="data/001.png" visibility="visible" x="0" y="0" /><layer composite-op="svg:src-over" name="Pasted Layer #3" opacity="1.0" src="data/002.png" visibility="visible" x="0" y="0" /><layer composite-op="svg:src-over" name="Pasted Layer #2" opacity="1.0" src="data/003.png" visibility="visible" x="0" y="0" /><layer composite-op="svg:src-over" name="Pasted Layer #1" opacity="1.0" src="data/004.png" visibility="visible" x="0" y="0" /><layer composite-op="svg:src-over" name="Pasted Layer" opacity="1.0" src="data/005.png" visibility="visible" x="0" y="0" /></stack></image>